CV_Score,learning_rate,max_depth,n_estimators,objective,Test_Acc_Score
0.9220041578073783,1,2,20,multi:softprob,0.7677725118483413
0.9220041578073783,1,2,20,multi:softmax,0.7677725118483413
0.9535549509241678,1,7,20,multi:softprob,0.8222748815165877
0.9535549509241678,1,7,20,multi:softmax,0.8222748815165877
