CV_Score,learning_rate,max_depth,n_estimators,objective,Train_Score,Test_Acc_Score
0.8344068600259943,0.01,2,20,multi:softprob,0.5252225519287834,0.5165876777251185
0.8344068600259943,0.01,2,20,multi:softmax,0.5252225519287834,0.5165876777251185
0.8981309193983975,0.3,2,20,multi:softprob,0.7572700296735905,0.6895734597156398
0.8981309193983975,0.3,2,20,multi:softmax,0.7572700296735905,0.6895734597156398
