,max_depths,max_features,mn_samples_leafs,min_samples_split,n_estimators,train_score,test_score
0,5,auto,1,2,10,0.7359050445103857,0.6682464454976303
1,5,auto,1,2,20,0.7501483679525223,0.6706161137440758
2,5,auto,1,2,50,0.7501483679525223,0.6895734597156398
3,5,auto,1,2,100,0.7471810089020772,0.6848341232227488
4,5,auto,1,2,200,0.7489614243323442,0.6919431279620853
